,type,sendTime,rcvTime,vehicleId,sender,messageID,x_pos,y_pos,x_spd,y_spd,exchangedMessageType,EventID,RoadID,lanePosition,laneIndex,x_currentDirection,y_currentDirection,maxSpeed,maxDeceleration,hazardAttack,hazardOccurrence,hazardOccurrencePercentage
0,2,,515.0,837,,,2919.4423084925165,2819.4245912273495,1.706782242422586,1.794403936490943,,,,,,,,,,,,
1,2,,516.0,837,,,2921.9175319683873,2822.179038036264,3.047258019484743,3.499325629043272,,,,,,,,,,,,
2,2,,517.0,837,,,2925.1216055250597,2827.0545228627907,4.003886457711902,5.764085598554557,,,,,,,,,,,,
3,2,,518.0,837,,,2930.003494386291,2833.856367118749,5.341699657381132,7.690024410365594,,,,,,,,,,,,
4,2,,519.0,837,,,2934.3108477185237,2843.2120442307814,2.49107238852658,11.192903135265102,,,,,,,,,,,,
5,2,,520.0,837,,,2937.0539682205795,2855.577629864955,2.991510595229598,13.441487185886233,,,,,,,,,,,,
6,2,,521.0,837,,,2939.14931014087,2870.1172896546163,1.044479627587243,14.923530961807204,,,,,,,,,,,,
7,2,,522.0,837,,,2939.9317861340555,2885.0671767940444,1.042148952133957,14.8902780117571,,,,,,,,,,,,
8,2,,523.0,837,,,2941.0347096908727,2900.013818111903,1.048162418051268,14.976199728492906,,,,,,,,,,,,
9,2,,524.0,837,,,2941.9432618047194,2914.9805064845737,1.045733090424572,14.941491895812996,,,,,,,,,,,,
10,2,,525.0,837,,,2943.0973421115546,2929.910907201876,1.05137276995609,15.02212858370837,,,,,,,,,,,,
11,2,,526.0,837,,,2944.131337476481,2944.8732807736137,1.049535317260957,14.99587465758302,,,,,,,,,,,,
12,2,,527.0,837,,,2945.3309595596443,2959.8413441888565,1.047000246417478,14.959677452225426,,,,,,,,,,,,
13,2,,528.0,837,,,2946.612772854725,2974.7978992968374,1.049231602333712,14.991592167427555,,,,,,,,,,,,
14,2,,529.0,837,,,2947.693476311417,2989.756254823255,1.050779207650563,15.013704690801223,,,,,,,,,,,,
15,2,,530.0,837,,,2948.976991055944,3004.714726767497,1.043982879317133,14.916608211771905,,,,,,,,,,,,
16,2,,531.0,837,,,2950.177294234507,3019.6653632743796,1.041816593787059,14.885522897283272,,,,,,,,,,,,
17,2,,532.0,837,,,2951.1093428225536,3034.5888919125587,1.042996991518415,14.902388678311201,,,,,,,,,,,,
18,2,,533.0,837,,,2952.12385570166,3049.358329150944,0.9761618712365041,13.947433856612438,,,,,,,,,,,,
19,2,,534.0,837,,,2952.8983088800346,3060.856326436788,0.6660071249279891,9.515874981416752,,,,,,,,,,,,
20,3,534.478477688917,534.478477688917,837,93.0,1967892.0,2991.4242967469177,3314.9933358688327,0.0018192560145540001,0.0018192560145540001,0.0,0.0,,257.0,0.0,-0.97180148848583,-0.235800481290272,30.0,4.0,0.0,0.0,44.0
21,2,,535.0,837,,,2954.2608436996184,3068.26436142266,1.4308281075686191,7.147342565034624,,,,,,,,,,,,
22,2,,536.0,837,,,2961.986127906944,3070.82702905472,9.829438137060576,-0.034161163516549,,,,,,,,,,,,
23,2,,537.0,837,,,2973.079088833399,3069.488313918112,11.944637287462191,-1.483888936399353,,,,,,,,,,,,
24,2,,538.0,837,,,2986.149031877604,3067.835724264218,14.230601073920559,-1.767878412697066,,,,,,,,,,,,
25,2,,539.0,837,,,3001.1928369858597,3066.013121218228,14.907649621343419,-1.8519971491883591,,,,,,,,,,,,
26,2,,540.0,837,,,3015.950758307852,3064.154579872468,14.858030767934363,-1.8458329079707791,,,,,,,,,,,,
27,2,,541.0,837,,,3029.3585285216304,3062.4774185263573,11.544509276345325,-1.434153399725937,,,,,,,,,,,,
28,2,,542.0,837,,,3038.5762546497895,3061.339950386945,7.083786525621006,-0.8799896262601121,,,,,,,,,,,,
29,2,,543.0,837,,,3045.7998526023066,3060.9379326543826,8.391023071928169,-0.080424572375935,,,,,,,,,,,,
30,2,,544.0,837,,,3047.674914355186,3070.0615190975163,0.5826580416967531,10.796118788373542,,,,,,,,,,,,
31,2,,545.0,837,,,3048.4691748289006,3082.0500257119193,0.696798750171852,12.911375986210032,,,,,,,,,,,,
32,2,,546.0,837,,,3049.487039744244,3096.174523603859,0.804823706774755,14.913231137495476,,,,,,,,,,,,
33,2,,547.0,837,,,3050.2128502885216,3111.112845867558,0.8059374008747061,14.933869463499517,,,,,,,,,,,,
34,2,,548.0,837,,,3050.933786431513,3124.7147811548684,0.6328834951309551,11.726935958922665,,,,,,,,,,,,
35,2,,549.0,837,,,3051.484735151729,3133.986657653024,0.39047560101196105,7.234775010031236,,,,,,,,,,,,
36,2,,550.0,837,,,3054.944299181789,3140.052136611542,5.8647235190722515,6.319328607704678,,,,,,,,,,,,
37,2,,551.0,837,,,3064.7470198812807,3141.419173489375,11.028148258352688,0.8810765111827541,,,,,,,,,,,,
38,2,,552.0,837,,,3077.0171614714573,3142.3841883209197,13.316478536388534,1.063860029612346,,,,,,,,,,,,
39,2,,553.0,837,,,3091.485094331598,3143.514471427007,14.971871239392412,1.196104857030629,,,,,,,,,,,,
40,2,,554.0,837,,,3106.5847932160555,3144.7378666024533,14.912302101107358,1.191327358006811,,,,,,,,,,,,
41,2,,555.0,837,,,3121.4750720750726,3145.9281544384307,14.920919795051587,1.1921093677070551,,,,,,,,,,,,
42,2,,556.0,837,,,3136.6066978928357,3147.145236563661,14.973676891161368,1.1963239888405641,,,,,,,,,,,,
43,2,,557.0,837,,,3151.3646851645694,3148.323879783709,14.95874994928639,1.1951315159919411,,,,,,,,,,,,
44,2,,558.0,837,,,3166.1124507555446,3149.511722641155,14.87035763697324,1.188056500696547,,,,,,,,,,,,
45,2,,559.0,837,,,3180.9867589717774,3150.7288009625845,14.86794398524242,1.187863680620539,,,,,,,,,,,,
46,2,,560.0,837,,,3196.005493168305,3151.951180094582,14.948150202245568,1.194271137471255,,,,,,,,,,,,
47,2,,561.0,837,,,3211.1015700031635,3153.138432678558,14.9920332402855,1.197776834205244,,,,,,,,,,,,
48,3,561.73195380541,561.73195380541,837,579.0,2114764.0,3235.35647506957,3395.4193034654418,0.0028088387644670003,0.0028088387644670003,0.0,0.0,,257.0,0.0,0.9651204268812541,0.261806343728614,50.0,4.0,0.0,0.0,67.0
49,2,,562.0,837,,,3225.9885964696105,3154.309533846538,14.862115332712655,1.187309639403769,,,,,,,,,,,,
50,3,562.731955514546,562.731955514546,837,579.0,2119415.0,3235.3091018950226,3395.412051438495,0.0028088387644670003,0.0028088387644670003,0.0,0.0,,257.0,0.0,0.9651204268812541,0.261806343728614,50.0,4.0,0.0,0.0,67.0
51,2,,563.0,837,,,3240.989132258613,3155.5101993383873,15.008681786288125,1.199042842639429,,,,,,,,,,,,
52,3,563.7319572267251,563.7319572267251,837,579.0,2124002.0,3235.37499096724,3395.41912337307,0.0028088387644670003,0.0028088387644670003,0.0,0.0,,257.0,0.0,0.9651204268812541,0.261806343728614,50.0,4.0,0.0,0.0,67.0
53,2,,564.0,837,,,3256.052086504577,3156.721804571025,14.938311712496018,1.193477038529498,,,,,,,,,,,,
54,3,564.731958942054,564.731958942054,837,579.0,2128826.0,3235.2693835492146,3395.4048519683897,0.0028088387644670003,0.0028088387644670003,0.0,0.0,,257.0,0.0,0.9651204268812541,0.261806343728614,50.0,4.0,0.0,0.0,67.0
55,2,,565.0,837,,,3270.882744643064,3157.880236374209,14.864989661643088,1.187619539010979,,,,,,,,,,,,
56,2,,566.0,837,,,3285.7055039910247,3159.046267995003,14.885526763760264,1.18922098298496,,,,,,,,,,,,
57,2,,567.0,837,,,3300.4917102568184,3160.235227421574,14.946023508295065,1.194053903618168,,,,,,,,,,,,
58,2,,568.0,837,,,3315.4015895747134,3161.4518860708354,14.985316963131782,1.197192951008009,,,,,,,,,,,,
59,2,,569.0,837,,,3330.430581693935,3162.6682240181176,14.9612353544567,1.195269136690466,,,,,,,,,,,,
60,2,,570.0,837,,,3345.261512086403,3164.2805403772904,14.724980083560784,2.582233704328667,,,,,,,,,,,,
61,2,,571.0,837,,,3353.6858879101683,3175.84714326523,5.644828365248612,12.18083515618979,,,,,,,,,,,,
62,2,,572.0,837,,,3357.446488843428,3186.1559538961646,2.347401576952376,8.61440754198043,,,,,,,,,,,,
63,2,,573.0,837,,,3360.6695488497303,3192.503998284538,3.904311540453945,6.322755287593907,,,,,,,,,,,,
64,2,,574.0,837,,,3369.115053939997,3192.938624395192,9.535624713077867,-1.544585293398282,,,,,,,,,,,,
65,2,,575.0,837,,,3379.6741255705933,3190.4582882315876,11.80542064545725,-2.7251850468274252,,,,,,,,,,,,
66,2,,576.0,837,,,3392.722290020585,3187.4158036809495,14.041136336914462,-3.241245032143036,,,,,,,,,,,,
67,2,,577.0,837,,,3407.274582510051,3184.0794679573664,14.575332553337313,-3.364571783924622,,,,,,,,,,,,
68,2,,578.0,837,,,3421.971469792619,3180.6867149827253,14.565521895155003,-3.362307040328859,,,,,,,,,,,,
69,2,,579.0,837,,,3436.4037634232664,3177.307767775849,14.641754222865567,-3.37979081634378,,,,,,,,,,,,
70,2,,580.0,837,,,3450.8948791872754,3173.9405128932194,14.582448727798159,-3.366100425989924,,,,,,,,,,,,
71,2,,581.0,837,,,3465.6952180956555,3171.225286077448,14.821499533706504,-2.069765421650077,,,,,,,,,,,,
72,2,,582.0,837,,,3480.730686443666,3169.410514654709,14.937690033180175,-1.8061237207392051,,,,,,,,,,,,
73,2,,583.0,837,,,3495.470042741449,3167.764854606672,14.945182733611425,-1.349425771679197,,,,,,,,,,,,
74,2,,584.0,837,,,3510.270927135545,3169.9289234303396,14.754218373413794,2.339977083305983,,,,,,,,,,,,
75,3,584.673573874672,584.673573874672,837,243.0,2251720.0,3662.4889923128853,3162.024320172384,-12.360692082142302,6.483841483987018,0.0,0.0,,656.0,1.0,-0.8855759272927021,0.464494646900983,50.0,4.0,0.0,0.0,100.0
76,2,,585.0,837,,,3524.9767520225187,3172.2776936432156,14.80747470714044,2.348422921945453,,,,,,,,,,,,
77,3,585.673574631984,585.673574631984,837,243.0,2256660.0,3650.592737002735,3169.2301931455213,-11.199133293093988,8.4115703529872,0.0,0.0,,8.0,0.0,-0.799599506673036,0.600533620148145,50.0,4.0,0.0,0.0,100.0
78,2,,586.0,837,,,3539.7269031701608,3174.6222500646804,14.819220343282367,2.3502431094491723,,,,,,,,,,,,
79,3,586.67357522061,586.67357522061,837,243.0,2261546.0,3639.729332042892,3177.8724410773675,-10.89138741797095,8.662828701181057,0.0,0.0,,13.0,1.0,-0.782647000168154,0.6224658007696391,50.0,4.0,0.0,0.0,100.0
80,2,,587.0,837,,,3554.431812039639,3177.5667383668365,14.63870644660663,3.4390232705708152,,,,,,,,,,,,
81,3,587.673575649245,587.673575649245,837,243.0,2266445.0,3629.0436546026544,3186.767685131055,-10.222738989105915,9.430427623765814,0.0,0.0,,27.0,1.0,-0.7350381049655771,0.678025799102521,50.0,4.0,0.0,0.0,100.0
82,2,,588.0,837,,,3568.930265041349,3180.989720758913,14.590218939458216,3.427632433258854,,,,,,,,,,,,
83,3,588.67357593665,588.67357593665,837,243.0,2275583.0,3619.1776046289806,3196.508244268956,-9.93663968472215,9.75440014487118,0.0,0.0,,41.0,1.0,-0.713642495752919,0.700510091473023,50.0,4.0,0.0,0.0,100.0
84,2,,589.0,837,,,3582.0250880732274,3175.967995371448,10.983163206843761,-10.215798432699838,,,,,,,,,,,,
85,3,589.673576235325,589.673576235325,837,243.0,2280525.0,3609.5917199686883,3206.41293227473,-9.374134765905097,10.361722394410263,0.0,0.0,,55.0,1.0,-0.670901896512003,0.741546118091516,50.0,4.0,0.0,0.0,100.0
86,2,,590.0,837,,,3593.012326198101,3165.7390603011077,10.934308668603464,-10.174950152201856,,,,,,,,,,,,
87,3,590.673576650903,590.673576650903,837,243.0,2285456.0,3601.2201513756036,3217.3629273323736,-8.543857278958683,10.980850102064494,0.0,0.0,,69.0,1.0,-0.614093310906207,0.78923342903114,50.0,4.0,0.0,0.0,100.0
88,3,590.839718076459,590.839718076459,837,591.0,2286619.0,3891.059969170642,3204.0594443414634,0.0,0.0,1.0,22.0,,462.0,0.0,-0.31807187324575004,-0.948066602855484,50.0,4.0,0.0,0.0,30.0
89,2,,591.0,837,,,3603.8622473097967,3155.519814480666,10.988893535124047,-10.228079926928185,,,,,,,,,,,,
90,3,591.673565652289,591.673565652289,837,243.0,2295064.0,3593.081417974226,3228.6064757306035,-7.766205445639429,11.583933575528267,0.0,0.0,,83.0,1.0,-0.556876430255963,0.830595353602086,50.0,4.0,0.0,0.0,100.0
91,3,591.8397067821701,591.8397067821701,837,591.0,2296104.0,3880.694648296547,3170.391565702393,0.0,0.0,1.0,22.0,,497.0,0.0,-0.31807187324575004,-0.948066602855484,50.0,4.0,0.0,0.0,30.0
92,2,,592.0,837,,,3614.764291349667,3145.2897320805487,10.945428871476764,-10.187683878789224,,,,,,,,,,,,
93,3,592.673567533211,592.673567533211,837,243.0,2308549.0,3585.299301221952,3240.165327026911,-7.8056664534238624,11.642937658921273,0.0,0.0,,97.0,1.0,-0.556876430255963,0.830595353602086,50.0,4.0,0.0,0.0,100.0
94,3,592.839708357026,592.839708357026,837,591.0,2309654.0,3869.4672843328253,3137.017601307328,0.0,0.0,1.0,22.0,,532.0,0.0,-0.35390582519165703,-0.9352810630475801,50.0,4.0,0.0,0.0,30.0
95,2,,593.0,837,,,3626.0128170897515,3135.662697602931,12.30166518474362,-8.432343052412662,,,,,,,,,,,,
96,3,593.67356928535,593.67356928535,837,243.0,2318167.0,3578.918492927499,3252.579915180819,-5.986775457159916,12.69750856962933,0.0,0.0,,111.0,1.0,-0.42648765639691405,0.9044933824750001,50.0,4.0,0.0,0.0,100.0
97,3,593.839709823343,593.839709823343,837,591.0,2319366.0,3857.113806625149,3104.104449539496,0.0,0.0,1.0,22.0,,567.0,0.0,-0.35390582519165703,-0.9352810630475801,50.0,4.0,0.0,0.0,30.0
98,2,,594.0,837,,,3635.7035968910336,3146.1816003884146,8.549527990932786,11.02722611101677,,,,,,,,,,,,
99,3,594.6735707482401,594.6735707482401,837,243.0,2323507.0,3572.769569320883,3265.158970570097,-5.971373376539913,12.664705799669365,0.0,0.0,,125.0,1.0,-0.426487656396757,0.904493382475074,50.0,4.0,0.0,0.0,100.0
100,3,594.839711313803,594.839711313803,837,591.0,2324584.0,3844.865383674571,3071.285120273527,0.0,0.0,1.0,22.0,,602.0,0.0,-0.44170713975851306,-0.8971592961600261,50.0,4.0,0.0,0.0,30.0
101,2,,595.0,837,,,3642.972415175273,3155.198221304104,5.979270517824553,7.356035969225192,,,,,,,,,,,,
102,3,595.673572308652,595.673572308652,837,243.0,2333117.0,3567.4522719379956,3277.956607247047,-4.527951991257228,13.235804867615622,0.0,0.0,,139.0,1.0,-0.32370118822834204,0.946159363289059,50.0,4.0,0.0,0.0,100.0
103,2,,596.0,837,,,3647.723879817566,3160.961784286031,4.57825000336814,5.600927594357951,,,,,,,,,,,,
104,3,596.673573380757,596.673573380757,837,243.0,2343139.0,3562.9981192952437,3291.123538452005,-4.53802458796732,13.26503351805762,0.0,0.0,,153.0,1.0,-0.32370118822821803,0.9461593632891021,50.0,4.0,0.0,0.0,100.0
105,2,,597.0,837,,,3653.6966003649522,3166.9481621024543,7.240009290465442,6.2800792944569555,,,,,,,,,,,,
106,3,597.673574535189,597.673574535189,837,243.0,2348424.0,3558.446861831578,3304.2784268358578,-4.531046590031084,13.244642278096181,0.0,0.0,,167.0,1.0,-0.32370118822828003,0.9461593632890811,50.0,4.0,0.0,0.0,100.0
107,2,,598.0,837,,,3663.6112255228586,3165.4356335138073,10.298044660280906,-5.403633390087498,,,,,,,,,,,,
108,3,598.673575857758,598.673575857758,837,243.0,2353825.0,3554.947802917851,3317.5362453326575,-3.458123779270056,13.542268916285565,0.0,0.0,,12.0,1.0,-0.24743367721792403,0.96890483298331,50.0,4.0,0.0,0.0,100.0
109,2,,599.0,837,,,3675.228653794082,3159.453452728132,12.328130861458366,-6.468874511701869,,,,,,,,,,,,
110,3,599.673564344327,599.673564344327,837,243.0,2359068.0,3552.689216473899,3331.233787195057,-1.7484422059565592,13.811515372319612,0.0,0.0,,9.0,1.0,-0.12560463728853802,0.992080377334223,50.0,4.0,0.0,0.0,100.0
111,2,,600.0,837,,,3688.2715211351856,3152.4470218074007,14.164801049996797,-7.432625021685759,,,,,,,,,,,,
112,2,,601.0,837,,,3703.869058010651,3145.2114076717853,16.3186356197646,-7.423626812038027,,,,,,,,,,,,
113,2,,602.0,837,,,3720.3558865979353,3137.716428931523,16.437422465310558,-7.477665902874894,,,,,,,,,,,,
114,2,,603.0,837,,,3738.118496005286,3134.1278317907627,16.90941645797711,-6.312967901856997,,,,,,,,,,,,
115,2,,604.0,837,,,3755.088459107154,3128.3736241724587,17.23754384988578,-5.266761055150678,,,,,,,,,,,,
116,2,,605.0,837,,,3772.363799351157,3123.835151138332,17.558703939335707,-4.077287530401071,,,,,,,,,,,,
117,2,,606.0,837,,,3790.0552047883343,3120.102880033897,17.78870391277691,-3.096171253276559,,,,,,,,,,,,
118,2,,607.0,837,,,3807.9011283178015,3117.258578031196,17.78474853635643,-2.563909581824863,,,,,,,,,,,,
119,2,,608.0,837,,,3825.8689740645796,3114.8517619773334,17.820826242209197,-2.031648560666322,,,,,,,,,,,,
120,2,,609.0,837,,,3843.8642982477927,3113.600174728347,17.932468659553848,-0.8394689428784881,,,,,,,,,,,,
121,2,,610.0,837,,,3862.0331878791612,3113.088543524746,18.037701925470643,-0.503022552344765,,,,,,,,,,,,
122,2,,611.0,837,,,3879.9129749365497,3113.441662226383,18.066460254770483,0.402870723445492,,,,,,,,,,,,
123,2,,612.0,837,,,3897.82893786447,3114.179118485936,17.948743687680118,1.119286864378482,,,,,,,,,,,,
124,2,,613.0,837,,,3915.99564207055,3116.0903952137232,17.828113494333262,1.9114271117083521,,,,,,,,,,,,
125,2,,614.0,837,,,3933.5830113909824,3118.4030516224807,17.637187727177935,3.514097415274981,,,,,,,,,,,,
126,2,,615.0,837,,,3950.783985020828,3122.344587932173,17.604594289357962,3.977425503690958,,,,,,,,,,,,
127,2,,616.0,837,,,3968.261686108146,3126.6840465701234,17.399586429318067,4.754139796261371,,,,,,,,,,,,
128,2,,617.0,837,,,3985.479649936681,3131.758746026511,17.022058782836094,5.7443831464772295,,,,,,,,,,,,
129,2,,618.0,837,,,4002.6607373714915,3137.5002455227286,16.966686149902465,5.802140029213983,,,,,,,,,,,,
130,2,,619.0,837,,,4019.280270988065,3144.1739144916587,16.64236498593581,6.679778640648879,,,,,,,,,,,,
131,2,,620.0,837,,,4035.6015795744643,3151.609132500444,16.166788285890863,7.904776391842648,,,,,,,,,,,,
132,2,,621.0,837,,,4051.661823101892,3159.5190185963993,16.146169136013167,7.995267745281016,,,,,,,,,,,,
133,2,,622.0,837,,,4066.8560847747453,3168.8994943578464,15.322072175308382,9.40716996666818,,,,,,,,,,,,
134,2,,623.0,837,,,4082.159509223286,3178.3061784636507,15.388807626705141,9.44813984432054,,,,,,,,,,,,
135,2,,624.0,837,,,4097.076513697189,3188.0714064484796,14.29881420223656,10.98604969479517,,,,,,,,,,,,
136,2,,625.0,837,,,4111.143716691548,3199.0310451183436,14.257008072054777,10.953921042099923,,,,,,,,,,,,
137,2,,626.0,837,,,4125.484526971833,3209.9520577108474,14.313742482926546,10.997519142461556,,,,,,,,,,,,
138,2,,627.0,837,,,4139.470349781309,3221.384795407831,13.471780302775198,11.956888711300032,,,,,,,,,,,,
139,2,,628.0,837,,,4152.886675750589,3233.28093151036,13.514555874844302,11.99485249838064,,,,,,,,,,,,
140,2,,629.0,837,,,4166.045250358236,3245.4073876791817,12.644947822563037,12.727425784893066,,,,,,,,,,,,
141,2,,630.0,837,,,4178.992649286906,3258.094111931966,12.671904559332258,12.754558350357081,,,,,,,,,,,,
142,2,,631.0,837,,,4191.537752146664,3270.7935699808836,12.699647341951593,12.782482116563619,,,,,,,,,,,,
143,2,,632.0,837,,,4204.379203157391,3283.525320655039,12.653190562296531,12.735722316739574,,,,,,,,,,,,
144,2,,633.0,837,,,4217.141735788674,3296.262349441187,12.698235550809768,12.781061116833435,,,,,,,,,,,,
145,2,,634.0,837,,,4229.768441056987,3309.029569087984,12.725651325983709,12.808655714837698,,,,,,,,,,,,
146,2,,635.0,837,,,4235.412752250967,3322.077577550067,-6.851647607171241,13.404803837503366,,,,,,,,,,,,
147,2,,636.0,837,,,4226.272244618223,3333.9996478046846,-9.087913671051892,11.95764437466554,,,,,,,,,,,,
148,2,,637.0,837,,,4217.340003629474,3346.1817271248256,-7.779932597375957,12.784642430670445,,,,,,,,,,,,
149,2,,638.0,837,,,4209.833239161598,3359.1355125459727,-7.526494155542937,12.974550574831923,,,,,,,,,,,,
150,2,,639.0,837,,,4202.270997853445,3372.091058477994,-7.543214361060484,13.003461267943461,,,,,,,,,,,,
151,2,,640.0,837,,,4194.635578734046,3385.046838041839,-7.540040401561375,12.997789058874524,,,,,,,,,,,,
152,2,,641.0,837,,,4186.984027931718,3397.999260875693,-7.540718807396524,12.998920558503228,,,,,,,,,,,,
153,2,,642.0,837,,,4180.0960142251715,3411.4357649787366,-6.317184515825146,13.606304879886135,,,,,,,,,,,,
154,2,,643.0,837,,,4184.363169507438,3425.42935221292,7.067156834233314,13.159388335853011,,,,,,,,,,,,
155,2,,644.0,837,,,4194.17027946231,3435.6987507806894,13.712210301292007,6.205128428579504,,,,,,,,,,,,
156,2,,645.0,837,,,4207.841429842002,3441.8628087298953,13.688250454792867,6.19428599935758,,,,,,,,,,,,
157,2,,646.0,837,,,4221.390456256887,3448.0217497981184,13.67385183148147,6.187770262537358,,,,,,,,,,,,
158,2,,647.0,837,,,4234.990227932162,3454.210037399194,13.672449761475772,6.187135790825096,,,,,,,,,,,,
159,2,,648.0,837,,,4248.803204765649,3460.390174364551,13.607625349058182,6.157801124448328,,,,,,,,,,,,
160,2,,649.0,837,,,4262.505445444024,3466.563070470714,13.676183589647195,6.188821524961588,,,,,,,,,,,,
161,2,,650.0,837,,,4276.5235905367035,3471.4992388963824,14.166490311741859,4.655859911076325,,,,,,,,,,,,
162,2,,651.0,837,,,4290.768318003133,3476.1641626904425,14.275477556754502,4.6916931302164535,,,,,,,,,,,,
163,2,,652.0,837,,,4304.974223094589,3480.863236801037,14.196189528496749,4.665634925950393,,,,,,,,,,,,
164,2,,653.0,837,,,4319.161178422196,3485.5403126760993,14.250427917964497,4.683460505204663,,,,,,,,,,,,
165,2,,654.0,837,,,4333.65986848562,3490.2046884698416,14.26643430879267,4.688718675868533,,,,,,,,,,,,
166,2,,655.0,837,,,4348.078298906598,3494.8954442297527,14.217606397421491,4.672671263459691,,,,,,,,,,,,
167,2,,656.0,837,,,4362.406858812357,3499.5823897251807,14.208611480664533,4.669755215353161,,,,,,,,,,,,
168,2,,657.0,837,,,4376.583645383477,3504.222189567881,14.256465029431288,4.530969181667575,,,,,,,,,,,,
169,2,,658.0,837,,,4391.180172228631,3507.9608267094304,14.523697545930938,3.733791948691099,,,,,,,,,,,,
170,2,,659.0,837,,,4405.646311949844,3511.6848717625867,14.503523011217736,3.728541260217721,,,,,,,,,,,,
171,2,,660.0,837,,,4420.065365444918,3515.425116512368,14.580120532378691,3.7467352934062923,,,,,,,,,,,,
172,2,,661.0,837,,,4434.6249062184215,3518.770799366174,14.586765075391071,3.340280596617648,,,,,,,,,,,,
173,2,,662.0,837,,,4446.991585912614,3521.6186096898996,10.398110022382548,2.381120572913956,,,,,,,,,,,,
174,2,,663.0,837,,,4454.90644165516,3523.4623511938717,6.011642423917497,1.376660779611363,,,,,,,,,,,,
175,2,,664.0,837,,,4462.5208370639,3524.3324063409273,8.667245950011695,0.35086776832785804,,,,,,,,,,,,
176,2,,665.0,837,,,4467.205749452718,3516.274951689141,2.7274077420272302,-10.745889117605227,,,,,,,,,,,,
177,2,,666.0,837,,,4469.684387595181,3504.4043006504303,2.725781983397876,-12.822179293758587,,,,,,,,,,,,
178,2,,667.0,837,,,4472.753546355255,3490.380094650874,3.106865534154722,-14.614840765359045,,,,,,,,,,,,
179,2,,668.0,837,,,4475.872619844178,3475.729125057174,3.113798172747337,-14.647452705911363,,,,,,,,,,,,
180,2,,669.0,837,,,4480.351705820074,3461.7310463291037,7.958861429276482,-12.720255910443015,,,,,,,,,,,,
181,2,,670.0,837,,,4491.26507246755,3452.338725580329,13.761044106043256,-5.910755195715717,,,,,,,,,,,,
182,2,,671.0,837,,,4505.968751138111,3452.508095438374,14.688856718502072,2.9585279337036763,,,,,,,,,,,,
183,2,,672.0,837,,,4520.594641302961,3455.456381733326,14.74672556356019,2.9701833565248963,,,,,,,,,,,,
184,2,,673.0,837,,,4535.434118438129,3458.391510219938,14.753168662622997,2.971481036882142,,,,,,,,,,,,
185,2,,674.0,837,,,4549.967754681313,3461.5284679322185,14.569021529578706,3.319201451514326,,,,,,,,,,,,
186,2,,675.0,837,,,4564.434746377753,3464.868922627582,14.624615324311083,3.331867049663215,,,,,,,,,,,,
187,2,,676.0,837,,,4579.058190611595,3468.1979422629815,14.53834939427666,3.3122110716115563,,,,,,,,,,,,
188,2,,677.0,837,,,4593.781005380993,3471.521288096363,14.573869408844793,3.320393212128905,,,,,,,,,,,,
189,2,,678.0,837,,,4608.56954316276,3474.8412891275393,14.554127867452069,3.3158956161088042,,,,,,,,,,,,
190,2,,679.0,837,,,4623.416651971737,3478.293989770013,14.478164351476451,3.643006027143102,,,,,,,,,,,,
191,2,,680.0,837,,,4637.734257732383,3482.1968224103475,14.496640314526633,4.009695855915476,,,,,,,,,,,,
192,2,,681.0,837,,,4652.2950210991,3486.1966753438637,14.50963517243715,4.013275086872269,,,,,,,,,,,,
193,2,,682.0,837,,,4666.726997813669,3489.3152458270097,14.75441845713342,2.6803389341177812,,,,,,,,,,,,
194,2,,683.0,837,,,4681.637997883878,3489.3773380181137,14.727556410795795,-2.361781260850997,,,,,,,,,,,,
195,2,,684.0,837,,,4696.186471909164,3489.110735959326,14.2840023404577,4.679539169632649,,,,,,,,,,,,
196,2,,685.0,837,,,4708.848739033448,3496.874050156842,13.076261687837574,7.236609856142209,,,,,,,,,,,,
197,2,,686.0,837,,,4723.068214116244,3501.916267767319,14.165221993244737,4.863513385964105,,,,,,,,,,,,
198,2,,687.0,837,,,4737.43675408785,3506.7982590222855,14.19630879383021,4.8741866946462515,,,,,,,,,,,,
199,2,,688.0,837,,,4751.575130189296,3511.6758985626043,14.223480843501966,4.883506895727313,,,,,,,,,,,,
200,2,,689.0,837,,,4765.660394758138,3516.569769235454,14.152148279760857,4.859004569814385,,,,,,,,,,,,
201,2,,690.0,837,,,4779.720910730376,3521.453688789641,14.129103667535098,4.851092457434806,,,,,,,,,,,,
202,2,,691.0,837,,,4793.907446134647,3526.297755305942,14.200976496321317,4.875795077721622,,,,,,,,,,,,
203,2,,692.0,837,,,4808.044117956004,3531.1608086188567,14.15521040713484,4.860050168682721,,,,,,,,,,,,
204,2,,693.0,837,,,4822.157241211474,3536.0239036976777,14.166582039163492,4.863975375083327,,,,,,,,,,,,
205,2,,694.0,837,,,4833.851112299963,3545.1013958934095,9.93285827027776,11.247219180738087,,,,,,,,,,,,
206,2,,695.0,837,,,4840.618216022669,3558.3922076188005,6.695697306369015,13.454843584210572,,,,,,,,,,,,
207,2,,696.0,837,,,4847.5761069888895,3571.6710412077373,6.886821927487722,13.276181503238442,,,,,,,,,,,,
208,2,,697.0,837,,,4860.049875780961,3577.8750551754947,14.979685616160406,0.848609866139705,,,,,,,,,,,,
209,2,,698.0,837,,,4874.446297105933,3574.362158194678,13.894409339058152,-4.292735550859361,,,,,,,,,,,,
210,2,,699.0,837,,,4885.812747235759,3570.813361347072,9.629545180531135,-2.975089889342188,,,,,,,,,,,,
211,2,,700.0,837,,,4893.120961027558,3568.5125863040134,6.763205576797404,-2.089526495743059,,,,,,,,,,,,
212,2,,701.0,837,,,4900.772006343335,3564.9220285952465,8.23412969869268,-5.071493509584001,,,,,,,,,,,,
213,2,,702.0,837,,,4898.694142332372,3554.438483238578,-3.766569700568278,-11.619065780131697,,,,,,,,,,,,
214,2,,703.0,837,,,4894.5652604087445,3541.5338957636554,-4.501319218079478,-13.885601025333463,,,,,,,,,,,,
215,2,,704.0,837,,,4889.85446414938,3527.279935607119,-4.6265761412624915,-14.271958300771086,,,,,,,,,,,,
216,2,,705.0,837,,,4885.439514943807,3513.079349484242,-4.602575257675903,-14.197843698937664,,,,,,,,,,,,
217,2,,706.0,837,,,4881.013433473414,3498.7900387447953,-4.330581434877352,-14.423065566832332,,,,,,,,,,,,
218,2,,707.0,837,,,4876.603858287279,3484.43523339743,-4.3185598868178925,-14.383034220155439,,,,,,,,,,,,
219,2,,708.0,837,,,4880.892767598485,3474.16830851398,14.445781400997824,-3.9124357105359673,,,,,,,,,,,,
220,2,,709.0,837,,,4895.34724683666,3470.8218367983036,14.79621827820888,-2.151084356947532,,,,,,,,,,,,
221,2,,710.0,837,,,4910.440566668827,3471.5505198138285,14.654122912705185,2.773439828809119,,,,,,,,,,,,
222,2,,711.0,837,,,4925.1509504559435,3474.3304675679747,14.74442369755693,2.7906225869232113,,,,,,,,,,,,
223,2,,712.0,837,,,4939.495417556297,3479.0590940337706,14.158885951391957,5.022178451028767,,,,,,,,,,,,
224,2,,713.0,837,,,4953.747183447624,3484.097562054582,14.170806023421541,5.026395457699568,,,,,,,,,,,,
225,2,,714.0,837,,,4967.773715078757,3489.7081588403043,13.417097565593416,6.773061275395171,,,,,,,,,,,,
226,2,,715.0,837,,,4980.839137852143,3496.8776660423127,12.928195123052467,7.65402131040454,,,,,,,,,,,,
227,2,,716.0,837,,,4993.618484892218,3504.615149786886,12.69830581887662,7.901384391045167,,,,,,,,,,,,
228,2,,717.0,837,,,5005.131901157342,3512.1765673965574,9.816007722416584,6.534418852150183,,,,,,,,,,,,
229,2,,718.0,837,,,5013.369597411201,3516.744977465247,6.651010490784727,3.02054099711689,,,,,,,,,,,,
230,2,,719.0,837,,,5020.151710047345,3519.6945586454813,7.966086787576101,3.31680800706145,,,,,,,,,,,,
231,2,,720.0,837,,,5029.1783663809365,3518.902623320682,9.61897472337746,-4.630625671794856,,,,,,,,,,,,
232,2,,721.0,837,,,5036.140367199581,3509.162898346519,7.631487403417508,-10.571106824182678,,,,,,,,,,,,
233,2,,722.0,837,,,5046.544721207968,3500.033515503741,12.945057371859578,-7.575663609514887,,,,,,,,,,,,
234,2,,723.0,837,,,5060.0291081812875,3493.786866499191,13.840102478045237,-5.693980957248699,,,,,,,,,,,,
235,2,,724.0,837,,,5074.1041969051885,3488.093642732178,13.836127840541431,-5.6924000218832,,,,,,,,,,,,
236,2,,725.0,837,,,5088.04935344924,3482.3828618107623,13.837912891816623,-5.693134425197117,,,,,,,,,,,,
237,2,,726.0,837,,,5102.024648589468,3476.704505677282,13.887508667951058,-5.713554955389225,,,,,,,,,,,,
238,2,,727.0,837,,,5115.770407459254,3471.007027782571,13.79623652541301,-5.676027434946458,,,,,,,,,,,,
239,2,,728.0,837,,,5129.563589885114,3465.2601309625384,13.855348959054357,-5.700248481564486,,,,,,,,,,,,
240,2,,729.0,837,,,5143.457298175071,3459.551120057157,13.888649044005222,-5.713997484443876,,,,,,,,,,,,
241,2,,730.0,837,,,5157.659798964096,3454.7449786397046,14.285634219941418,-4.644506672749123,,,,,,,,,,,,
242,2,,731.0,837,,,5171.974515516918,3450.294401356799,14.413029642238568,-3.973647964946255,,,,,,,,,,,,
243,2,,732.0,837,,,5186.446314522732,3446.716920470474,14.589569511030172,-3.564918685241504,,,,,,,,,,,,
244,2,,733.0,837,,,5201.053332079536,3443.1692451484264,14.489061417450227,-3.540466642020265,,,,,,,,,,,,
245,2,,734.0,837,,,5215.774249649557,3440.919366722674,14.825922098680874,-2.152265952927444,,,,,,,,,,,,
246,2,,735.0,837,,,5230.749805572011,3438.769050191863,14.841845684526868,-2.154577592451022,,,,,,,,,,,,
247,2,,736.0,837,,,5245.668132969044,3437.0045106940292,14.888534146534091,-1.5302569707786,,,,,,,,,,,,
248,2,,737.0,837,,,5260.728168254566,3435.4830588188443,14.929317343024318,-1.534470278480787,,,,,,,,,,,,
249,2,,738.0,837,,,5275.763827812389,3434.1927993268428,15.027175349258522,-0.694504319127486,,,,,,,,,,,,
250,2,,739.0,837,,,5290.829008747988,3433.529619014039,15.007297724055286,-0.6804643117435021,,,,,,,,,,,,
251,2,,740.0,837,,,5305.731676895638,3432.9732431920156,14.921098507372168,-0.26868819822629203,,,,,,,,,,,,
252,2,,741.0,837,,,5320.732590511263,3433.1706239852447,15.00205722977303,0.21609374293876601,,,,,,,,,,,,
253,2,,742.0,837,,,5335.794408105241,3433.392477291267,15.008071805389022,0.21618033204625,,,,,,,,,,,,
254,2,,743.0,837,,,5350.834911996038,3433.6350611699477,15.053921942885454,0.216821941099438,,,,,,,,,,,,
255,2,,744.0,837,,,5365.738708424759,3433.853163614756,14.982692264999232,0.21577211469787003,,,,,,,,,,,,
256,2,,745.0,837,,,5380.592422694046,3434.0716506293243,14.918957534346383,0.21484480560389502,,,,,,,,,,,,
257,2,,746.0,837,,,5395.428189861929,3434.257780539378,14.983271865812467,0.215770709763023,,,,,,,,,,,,
258,2,,747.0,837,,,5410.382750875772,3434.4792213950686,14.922001738112991,0.21499937683960002,,,,,,,,,,,,
259,2,,748.0,837,,,5425.704257834498,3434.7250746118775,14.953993639899297,0.215459949684826,,,,,,,,,,,,
260,2,,749.0,837,,,5440.429224156518,3434.0197294572736,15.013594249331373,-0.8690990917256771,,,,,,,,,,,,
261,2,,750.0,837,,,5455.108334992441,3431.285631525617,14.229138384289145,-4.582791970802145,,,,,,,,,,,,
262,2,,751.0,837,,,5469.161572705546,3426.0119417084247,13.607553063774454,-6.164352064944843,,,,,,,,,,,,
263,2,,752.0,837,,,5482.542672213783,3419.163475479055,12.391970294139908,-8.31094129109675,,,,,,,,,,,,
264,2,,753.0,837,,,5494.855617972637,3410.7158868065685,12.406044266918109,-8.434018661444401,,,,,,,,,,,,
265,2,,754.0,837,,,5507.303159533028,3402.267778109972,12.410015009875716,-8.436718117489846,,,,,,,,,,,,
266,2,,755.0,837,,,5519.115421323493,3396.415863375256,10.010216955961447,-4.8213909873314424,,,,,,,,,,,,
267,2,,756.0,837,,,5527.427505282332,3394.575126613716,6.531902284106295,-1.083293690706271,,,,,,,,,,,,
268,2,,757.0,837,,,5531.44012844383,3393.8758708691835,2.092553936089688,-0.34695970470505205,,,,,,,,,,,,
269,2,,758.0,837,,,5531.9017807797145,3393.805271111256,0.000105122541838,0.000105122541838,,,,,,,,,,,,
270,2,,759.0,837,,,5532.089912159668,3393.8304067400018,0.000105122541838,0.000105122541838,,,,,,,,,,,,
271,2,,760.0,837,,,5532.060117512702,3393.8275353026297,0.000105122541838,0.000105122541838,,,,,,,,,,,,
272,2,,761.0,837,,,5532.229479229751,3393.834290160429,0.000105122541838,0.000105122541838,,,,,,,,,,,,
273,2,,762.0,837,,,5532.293576612688,3393.8427353563648,0.000105122541838,0.000105122541838,,,,,,,,,,,,
274,2,,763.0,837,,,5532.105341488121,3393.8167209869143,0.000105122541838,0.000105122541838,,,,,,,,,,,,
275,2,,764.0,837,,,5531.96837560168,3393.8177022913906,0.000105122541838,0.000105122541838,,,,,,,,,,,,
276,2,,765.0,837,,,5531.858936606794,3393.8183782782776,0.000105122541838,0.000105122541838,,,,,,,,,,,,
277,2,,766.0,837,,,5531.764654238853,3393.8075812103248,0.000105122541838,0.000105122541838,,,,,,,,,,,,
278,2,,767.0,837,,,5531.4961379662755,3393.782115512317,0.000105122541838,0.000105122541838,,,,,,,,,,,,
279,2,,768.0,837,,,5531.679929035189,3393.8042440267377,0.000105122541838,0.000105122541838,,,,,,,,,,,,
280,2,,769.0,837,,,5531.459413799784,3393.7817105296144,0.000105122541838,0.000105122541838,,,,,,,,,,,,
281,2,,770.0,837,,,5531.295057901461,3393.7719463666344,0.000105122541838,0.000105122541838,,,,,,,,,,,,
282,2,,771.0,837,,,5531.309002150766,3393.773777620875,0.000105122541838,0.000105122541838,,,,,,,,,,,,
283,2,,772.0,837,,,5531.47774762428,3393.8006446084537,0.000105122541838,0.000105122541838,,,,,,,,,,,,
284,2,,773.0,837,,,5531.477016171515,3393.80387967044,0.000105122541838,0.000105122541838,,,,,,,,,,,,
285,2,,774.0,837,,,5531.481276622051,3393.7976165916502,0.000105122541838,0.000105122541838,,,,,,,,,,,,
286,2,,775.0,837,,,5531.344071615261,3393.7840086189117,0.000105122541838,0.000105122541838,,,,,,,,,,,,
287,2,,776.0,837,,,5531.260990748246,3393.7761653026714,0.000105122541838,0.000105122541838,,,,,,,,,,,,
288,2,,777.0,837,,,5531.318107152671,3393.778347188081,0.000105122541838,0.000105122541838,,,,,,,,,,,,
289,2,,778.0,837,,,5531.513374987272,3393.799862297681,0.000105122541838,0.000105122541838,,,,,,,,,,,,
290,2,,779.0,837,,,5531.569179447555,3393.804656779869,0.000105122541838,0.000105122541838,,,,,,,,,,,,
291,2,,780.0,837,,,5531.387705620593,3393.7800885820748,0.000105122541838,0.000105122541838,,,,,,,,,,,,
292,2,,781.0,837,,,5531.406362583893,3393.778660587163,0.000105122541838,0.000105122541838,,,,,,,,,,,,
293,2,,782.0,837,,,5531.458804845668,3393.7870279092776,0.000105122541838,0.000105122541838,,,,,,,,,,,,
294,2,,783.0,837,,,5531.697557623329,3393.7997169487508,0.000105122541838,0.000105122541838,,,,,,,,,,,,
295,2,,784.0,837,,,5531.716108593974,3393.8110463928324,0.000105122541838,0.000105122541838,,,,,,,,,,,,
296,2,,785.0,837,,,5531.874642306111,3393.8271042625693,0.000105122541838,0.000105122541838,,,,,,,,,,,,
297,2,,786.0,837,,,5531.882071467429,3393.8368649443446,0.000105122541838,0.000105122541838,,,,,,,,,,,,
298,2,,787.0,837,,,5533.496315904937,3393.5416052817613,2.648275449350312,-0.45859405566395706,,,,,,,,,,,,
299,2,,788.0,837,,,5537.4030951674695,3392.621417994584,4.842484826976217,-1.08901036372651,,,,,,,,,,,,
300,2,,789.0,837,,,5543.742855878624,3390.5359986400244,6.795829583307253,-2.574138282237069,,,,,,,,,,,,
301,2,,790.0,837,,,5549.700617017882,3384.169567368809,4.7618633009759535,-8.370498698695009,,,,,,,,,,,,
302,2,,791.0,837,,,5553.103905887275,3373.318107559101,0.213375245172216,-11.903978077685828,,,,,,,,,,,,
303,2,,792.0,837,,,5553.382001113122,3360.0913410269327,0.353253367045786,-14.069171948290151,,,,,,,,,,,,
304,2,,793.0,837,,,5553.851701582667,3345.1868490898273,0.37524970958936005,-14.945426248525985,,,,,,,,,,,,
305,2,,794.0,837,,,5554.248961362094,3330.123302046322,0.37589055745863803,-14.970955297282144,,,,,,,,,,,,
306,2,,795.0,837,,,5554.518670652077,3315.064281796465,0.374718681448766,-14.924272018416149,,,,,,,,,,,,
307,2,,796.0,837,,,5554.67420694594,3300.0087404440656,0.375924881228811,-14.972322631472098,,,,,,,,,,,,
308,2,,797.0,837,,,5555.22773947352,3285.0268846747854,0.37564319409241304,-14.96110124027488,,,,,,,,,,,,
309,2,,798.0,837,,,5555.539993836208,3269.9966213489647,0.45450290798756804,-14.915774192346538,,,,,,,,,,,,
310,2,,799.0,837,,,5556.166194734285,3254.958978069956,0.65329535098278,-15.015868259154427,,,,,,,,,,,,
311,2,,800.0,837,,,5556.7939889421705,3239.9342233558054,0.6093458378427921,-14.93523461958783,,,,,,,,,,,,
312,2,,801.0,837,,,5557.309022313765,3224.8846849619963,0.515751515094083,-14.94407755619211,,,,,,,,,,,,
313,2,,802.0,837,,,5557.895147539499,3209.8898614109467,0.5144321287132461,-14.905841951586646,,,,,,,,,,,,
314,2,,803.0,837,,,5558.367647758731,3194.839781289117,0.5152116202471261,-14.928431490513955,,,,,,,,,,,,
315,2,,804.0,837,,,5558.913388404268,3179.8592544447138,0.517883473015837,-15.005861352894549,,,,,,,,,,,,
316,2,,805.0,837,,,5559.558188844462,3164.8452978606115,0.518618120304223,-15.027151312738832,,,,,,,,,,,,
317,2,,806.0,837,,,5560.079230257789,3149.8071951065,0.519227324937809,-15.044805964849116,,,,,,,,,,,,
318,2,,807.0,837,,,5560.620671976906,3134.7848711649403,0.514550167806349,-14.909262705559161,,,,,,,,,,,,
319,2,,808.0,837,,,5561.231381628077,3119.759607052809,0.5180998701673191,-15.01213250735412,,,,,,,,,,,,
320,2,,809.0,837,,,5561.726642954478,3104.741718846263,0.51575651522576,-14.944222459201658,,,,,,,,,,,,
321,2,,810.0,837,,,5561.555316614526,3089.742181544406,-1.890388982871964,-14.9125035304799,,,,,,,,,,,,
322,2,,811.0,837,,,5559.315214661563,3074.8382409781793,-2.156008722716838,-14.782005954207134,,,,,,,,,,,,
323,2,,812.0,837,,,5556.161737512612,3060.1767605264763,-3.932548653095158,-14.412482153299196,,,,,,,,,,,,
324,2,,813.0,837,,,5552.059574882783,3045.637990105611,-3.925410965668993,-14.386373280759988,,,,,,,,,,,,
325,2,,814.0,837,,,5547.325710569292,3031.353180187671,-5.077399371369847,-14.105907618956866,,,,,,,,,,,,
326,2,,815.0,837,,,5542.041055393735,3017.183022753475,-5.070173794594072,-14.085810539563628,,,,,,,,,,,,
327,2,,816.0,837,,,5535.380578034362,3003.760097154934,-6.965695604749222,-13.346508714291476,,,,,,,,,,,,
328,2,,817.0,837,,,5533.461562254345,2991.285770145594,10.999609143855215,-11.099514953432537,,,,,,,,,,,,
329,2,,818.0,837,,,5549.313808673302,2991.25032731815,16.801947033783414,5.8953177772379615,,,,,,,,,,,,
330,2,,819.0,837,,,5563.584356182922,3002.0757656363508,13.112137385975247,12.368108900986938,,,,,,,,,,,,
331,2,,820.0,837,,,5575.584135538617,3015.262786193092,11.579778755430716,13.806205142610692,,,,,,,,,,,,
332,2,,821.0,837,,,5587.172876425396,3029.022990588456,11.563499291413494,13.786804857722597,,,,,,,,,,,,
333,2,,822.0,837,,,5596.513466647868,3044.1243869876917,9.040070492277547,15.553581208431751,,,,,,,,,,,,
334,2,,823.0,837,,,5603.002457885352,3060.8576661442553,5.141065442812624,17.20123621029651,,,,,,,,,,,,
335,2,,824.0,837,,,5607.490743743396,3078.1786219752385,4.547466892051842,17.35150105667223,,,,,,,,,,,,
336,2,,825.0,837,,,5612.359128673823,3095.6283108497487,4.567178625978458,17.426715220894515,,,,,,,,,,,,
337,2,,826.0,837,,,5617.051151429244,3113.003324112122,4.563745042429579,17.41361367854627,,,,,,,,,,,,
338,2,,827.0,837,,,5621.403798440736,3130.307927654486,4.550338102785946,17.3624567501872,,,,,,,,,,,,
339,2,,828.0,837,,,5625.883347677627,3147.6257064314773,4.546286110928033,17.346995544075522,,,,,,,,,,,,
340,2,,829.0,837,,,5628.8990070036,3165.248317232794,2.47643567833176,17.8405040015664,,,,,,,,,,,,
341,2,,830.0,837,,,5631.52477583047,3183.0470586111037,2.473991361998428,17.822899288269006,,,,,,,,,,,,
342,2,,831.0,837,,,5634.411252222594,3200.701272311443,3.387181297304593,17.66288301301714,,,,,,,,,,,,
343,2,,832.0,837,,,5643.482127471874,3215.0400586708374,15.527920748487066,9.030117401124835,,,,,,,,,,,,
344,2,,833.0,837,,,5660.369992447203,3213.760668742086,14.880718684749109,-10.110560961849822,,,,,,,,,,,,
345,2,,834.0,837,,,5667.225936228791,3198.5370084111387,-3.26854122224613,-17.66531037327214,,,,,,,,,,,,
346,2,,835.0,837,,,5663.829723125687,3180.880137725911,-3.263960246666492,-17.640596657624663,,,,,,,,,,,,
347,2,,836.0,837,,,5667.411450928864,3163.851027826971,8.977221767238175,-15.627690927566068,,,,,,,,,,,,
348,2,,837.0,837,,,5683.0390897923435,3157.3827642770743,17.921294509578246,-0.310391510585933,,,,,,,,,,,,
349,2,,838.0,837,,,5700.061562620709,3162.2783627524764,16.935678899805673,5.897985937184055,,,,,,,,,,,,
350,2,,839.0,837,,,5715.921949943134,3170.495237583087,15.87993898276824,8.430643625602508,,,,,,,,,,,,
351,2,,840.0,837,,,5733.288967001857,3176.664323238198,14.663889521830898,10.332320215972441,,,,,,,,,,,,
352,2,,841.0,837,,,5747.556864420148,3187.9857450747813,13.822442434724586,11.411794091394913,,,,,,,,,,,,
353,2,,842.0,837,,,5761.445594327392,3199.4452887960574,13.914517832135262,11.487811273934978,,,,,,,,,,,,
354,2,,843.0,837,,,5777.337792479228,3207.392838379479,16.184522276235764,7.8753854559966765,,,,,,,,,,,,
355,2,,844.0,837,,,5793.577711395495,3215.2821367440733,16.229846602050273,7.897440054222012,,,,,,,,,,,,
356,2,,845.0,837,,,5809.941212937465,3223.192805358574,16.15930224298185,7.863113509527851,,,,,,,,,,,,
357,2,,846.0,837,,,5827.193596342214,3228.840489491177,17.508162733760766,4.344240467663895,,,,,,,,,,,,
358,2,,847.0,837,,,5844.891278164793,3232.9018460622133,17.605890794906745,3.587501098602483,,,,,,,,,,,,
359,2,,848.0,837,,,5862.612697479214,3235.536764501705,17.82411399619767,2.064164006950322,,,,,,,,,,,,
360,2,,849.0,837,,,5880.661680361323,3237.6520584419295,17.85557240543677,2.067806894988472,,,,,,,,,,,,
361,2,,850.0,837,,,5898.720480967029,3238.8559387948417,18.03721514543416,1.141620323144595,,,,,,,,,,,,
362,2,,851.0,837,,,5916.455857487207,3239.9436298805704,17.98477978463513,1.138301956307763,,,,,,,,,,,,
363,2,,852.0,837,,,5934.332012462419,3242.8449680390404,17.58708872235474,3.630826129599561,,,,,,,,,,,,
364,2,,853.0,837,,,5952.03325384523,3246.4896538172866,17.697865320463762,3.653695049421451,,,,,,,,,,,,
365,2,,854.0,837,,,5969.345619068467,3250.9760784796304,17.141147347749996,5.518921057626952,,,,,,,,,,,,
366,2,,855.0,837,,,5985.819147518233,3258.0277437286395,16.326574382113062,7.576781990058705,,,,,,,,,,,,
367,2,,856.0,837,,,6001.779853887588,3266.4947111373676,15.361046642198467,9.358700173163662,,,,,,,,,,,,
368,2,,857.0,837,,,6017.141412734865,3275.866631862736,15.328754006711993,9.362003939134349,,,,,,,,,,,,
369,2,,858.0,837,,,6032.184526235313,3285.2659004765287,15.310346479004775,9.474724956811695,,,,,,,,,,,,
370,2,,859.0,837,,,6047.4793304443865,3295.273290179786,14.464869241521239,10.72210736550807,,,,,,,,,,,,
371,2,,860.0,837,,,6061.844398360751,3306.325016632362,13.044095063053524,11.379140148389391,,,,,,,,,,,,
372,2,,861.0,837,,,6072.622333754236,3316.556622266942,8.533046732047172,9.597999304045123,,,,,,,,,,,,
373,2,,862.0,837,,,6079.663633911104,3324.4154172745193,5.546724506632031,6.254117682085258,,,,,,,,,,,,
374,2,,863.0,837,,,6085.1582330518895,3328.6391534422837,6.466693683743552,4.021349470085286,,,,,,,,,,,,
375,2,,864.0,837,,,6093.27290128521,3325.8464739417186,8.502845857866571,-4.8477373093521035,,,,,,,,,,,,
376,2,,865.0,837,,,6102.047791022109,3319.2874059444052,9.709457938358598,-7.185583704989176,,,,,,,,,,,,
377,2,,866.0,837,,,6112.8462584990175,3311.389051097279,11.526922043237745,-8.53067469530496,,,,,,,,,,,,
378,2,,867.0,837,,,6124.565362585746,3302.4512049980485,12.011705359935412,-8.889447416271466,,,,,,,,,,,,
379,2,,868.0,837,,,6136.414628217276,3293.4948758093465,12.012810995377393,-8.890265661912876,,,,,,,,,,,,
380,2,,869.0,837,,,6148.3831375661575,3284.5828602730735,12.007255417596987,-8.886119901993986,,,,,,,,,,,,
381,2,,870.0,837,,,6160.560564445711,3275.6708580965565,12.037437757562822,-8.908471625287703,,,,,,,,,,,,
382,2,,871.0,837,,,6172.741218786524,3266.7801550664162,12.027092157334545,-8.900815175455195,,,,,,,,,,,,
383,2,,872.0,837,,,6184.7881865350155,3257.865511937607,12.093019644701123,-8.949606012957847,,,,,,,,,,,,
384,2,,873.0,837,,,6195.283172576807,3250.0614131852194,8.952567278231117,-6.625482881475155,,,,,,,,,,,,
385,2,,874.0,837,,,6202.219341887119,3244.84698585294,5.261277026902154,-4.048683105616429,,,,,,,,,,,,
386,2,,875.0,837,,,6204.266451700965,3238.31926307796,0.276566239239714,-8.497391772835698,,,,,,,,,,,,
387,2,,876.0,837,,,6199.097089843013,3230.207087617125,-6.129714276402089,-8.73794694398972,,,,,,,,,,,,
388,2,,877.0,837,,,6192.3725453788265,3220.435378102821,-7.446662581639038,-10.61524008267724,,,,,,,,,,,,
389,2,,878.0,837,,,6184.254319783989,3208.867816394702,-8.605358881322465,-12.266980391698516,,,,,,,,,,,,
390,2,,879.0,837,,,6175.675005505893,3196.605879456099,-8.631779015218052,-12.304659728324925,,,,,,,,,,,,
391,2,,880.0,837,,,6167.238906501315,3184.383631004919,-8.629714585569822,-12.301707103032136,,,,,,,,,,,,
392,2,,881.0,837,,,6158.523643040028,3172.1088523055682,-8.588670638711507,-12.243206146373407,,,,,,,,,,,,
393,2,,882.0,837,,,6149.647357616205,3159.7804608358765,-8.62356158566204,-12.292954925984,,,,,,,,,,,,
394,2,,883.0,837,,,6144.557127365369,3146.488721316554,0.618325258812776,-15.03324186462367,,,,,,,,,,,,
395,2,,884.0,837,,,6151.190918208527,3134.1448557670883,10.802196115472178,-10.364492267528219,,,,,,,,,,,,
396,2,,885.0,837,,,6162.6405455862605,3124.7638938316964,11.719375502254499,-9.338226479661751,,,,,,,,,,,,
397,2,,886.0,837,,,6174.366579431839,3115.4237499315054,11.67949513962207,-9.306448308575156,,,,,,,,,,,,
398,2,,887.0,837,,,6185.843414137646,3106.0532948769674,11.737564749551218,-9.352720355208994,,,,,,,,,,,,
399,2,,888.0,837,,,6197.246833509872,3096.6548201386695,11.719907279121273,-9.33873310650469,,,,,,,,,,,,
400,2,,889.0,837,,,6209.071051706458,3087.3232846765322,11.679599179850518,-9.306614098800003,,,,,,,,,,,,
401,2,,890.0,837,,,6220.12721592678,3078.5609347549935,9.65442653011539,-7.692880454086712,,,,,,,,,,,,
402,2,,891.0,837,,,6227.868591681237,3072.4022476087366,6.13800205000584,-4.890861330743438,,,,,,,,,,,,
403,2,,892.0,837,,,6233.688602727717,3067.7139199140474,6.6083467992121925,-5.424037002407583,,,,,,,,,,,,
404,2,,893.0,837,,,6239.017541512863,3059.8492126238198,4.257725359397546,-10.044987902790142,,,,,,,,,,,,
405,2,,894.0,837,,,6233.248205703529,3048.860132228339,-6.784056399175107,-11.74528506911274,,,,,,,,,,,,
406,2,,895.0,837,,,6226.166797123403,3036.071109741334,-7.111954835022235,-13.183003198182444,,,,,,,,,,,,
407,2,,896.0,837,,,6218.980912519845,3022.9441368037083,-7.290283585913556,-13.02827216267187,,,,,,,,,,,,
408,2,,897.0,837,,,6211.204269498955,3009.8908312331996,-7.423675191517114,-13.060079855159724,,,,,,,,,,,,
409,2,,898.0,837,,,6203.876066594788,2996.7757776942008,-7.526843920553996,-13.024208601184057,,,,,,,,,,,,
410,2,,899.0,837,,,6196.536500917206,2983.7363918319757,-7.047777192750003,-13.23418922206946,,,,,,,,,,,,
411,2,,900.0,837,,,6189.198607149529,2970.5798359976066,-7.42295964756475,-13.056340287509023,,,,,,,,,,,,
412,2,,901.0,837,,,6181.927646533443,2957.480375074439,-7.347174266004121,-13.127792104043824,,,,,,,,,,,,
413,2,,902.0,837,,,6174.491971048646,2944.4503284932666,-7.450069688765483,-13.053212545806783,,,,,,,,,,,,
414,2,,903.0,837,,,6167.11423403093,2931.442811587468,-7.445362382520368,-13.044987233538675,,,,,,,,,,,,
415,2,,904.0,837,,,6159.733115933296,2918.4432976431644,-7.44743693776231,-13.048629905213991,,,,,,,,,,,,
416,2,,905.0,837,,,6152.183448095978,2905.409613620802,-7.401723672175397,-12.968507444876462,,,,,,,,,,,,
417,2,,906.0,837,,,6147.6516888294145,2891.3083606180116,-3.534177337868905,-14.539888840474378,,,,,,,,,,,,
418,2,,907.0,837,,,6144.179942193333,2876.767114031953,-3.537021828112443,-14.551564542058879,,,,,,,,,,,,
419,2,,908.0,837,,,6140.32131829928,2862.1688936726296,-3.544620426935086,-14.58284172985833,,,,,,,,,,,,
420,2,,909.0,837,,,6133.785261175391,2848.901974934952,-7.835450497112345,-12.75541785047476,,,,,,,,,,,,
421,2,,910.0,837,,,6122.0799170921455,2841.458928198192,-12.270740523745232,-5.02513727641232,,,,,,,,,,,,
422,2,,911.0,837,,,6112.411972303529,2837.416272651472,-8.111674445374744,-3.321862272513683,,,,,,,,,,,,
423,2,,912.0,837,,,6106.66440187235,2835.039040867317,-3.963843601924272,-1.6232139497476772,,,,,,,,,,,,
